Должность по-гречески,Должность по-русски,ФИО по-гречески,ФИО по-русски
Πρόεδρος της Δημοκρατίας,Президент Республики Кипр,Νίκος Χριστοδουλίδης,Никос Христодулидис
Υπουργός Εξωτερικών,Министр иностранных дел,Κωνσταντίνος Κόμπος,Константинос Комбос
Υπουργός Οικονομικών,Министр финансов,Μάκης Κεραυνός,Макис Керавнос
Υπουργός Εσωτερικών,Министр внутренних дел,Κωνσταντίνος Ιωάννου,Константинос Иоанну
Υπουργός Άμυνας,Министр обороны,Βασίλης Πάλμας,Василис Пальмас
"Υπουργός Παιδείας, Αθλητισμού και Νεολαίας","Министр образования, спорта и молодёжи",Αθηνά Μιχαηλίδου,Афина Михайлиду
"Υπουργός Μεταφορών, Επικοινωνιών και Έργων","Министр транспорта, коммуникаций и работ",Ευανθία (Εύη) Τσολάκη,Эванфия (Эви) Цолаки
"Υπουργός Ενέργειας, Εμπορίου και Βιομηχανίας","Министр энергетики, торговли и промышленности",Μιχάλης Δαμιανός,Михалис Дамианос
"Υπουργός Γεωργίας, Αγροτικής Ανάπτυξης και Περιβάλλοντος","Министр сельского хозяйства, сельского развития и окружающей среды",Χρίστος Σενέκης,Христос Сенекис
Υπουργός Εργασίας και Κοινωνικών Ασφαλίσεων,Министр труда и социального страхования,Μαρίνος Μουσιούττας,Маринос Мусиуттас
Υπουργός Δικαιοσύνης και Δημοσίας Τάξεως,Министр юстиции и общественного порядка,Κώστας Φυτιρής,Костас Фитирис
Υπουργός Υγείας,Министр здравоохранения,Νεόφυτος Χαραλαμπίδης,Неофитос Хараламбидис
Υφυπουργός παρά τω Προέδρω,Заместитель министра при Президенте,Ειρήνη Πική,Ирини Пики
Υφυπουργός Ναυτιλίας,Заместитель министра судоходства,Μαρίνα Χατζημανώλη,Марина Хаджиманоли
Υφυπουργός Τουρισμού,Заместитель министра туризма,Κώστας Κουμής,Костас Кумиc
"Υφυπουργός Έρευνας, Καινοτομίας και Ψηφιακής Πολιτικής","Заместитель министра исследований, инноваций и цифровой политики",Νικόδημος Δαμιανού,Никодимос Дамиану
Υφυπουργός Κοινωνικής Πρόνοιας,Заместитель министра социального обеспечения,Τίνα Παύλου,Тина Павлу
Υφυπουργός Πολιτισμού,Заместитель министра культуры,Κλέα Χατζηστεφάνου Παπαέλληνα,Клеа Хаджистефану Папаэллина
Υφυπουργός Ευρωπαϊκών Θεμάτων,Заместитель министра по европейским вопросам,Μαριλένα Ραουνά,Марилена Рауна
Υφυπουργός Μετανάστευσης και Διεθνούς Προστασίας,Заместитель министра миграции и международной защиты,Νικόλας Α. Ιωαννίδης,Николас А. Иоаннидис
Κυβερνητικός Εκπρόσωπος,Правительственный представитель / пресс-секретарь правительства,Κωνσταντίνος Λετυμπιώτης,Константинос Летимбиотис
Αναπληρωτής Κυβερνητικός Εκπρόσωπος,Заместитель правительственного представителя,Γιάννης Αντωνίου,Яннис Антониу
Γραμματέας Υπουργικού Συμβουλίου,Секретарь Совета министров,Πηνελόπη Παπαβασιλείου,Пенелопи Папавасилиу
Γενικός Εισαγγελέας της Δημοκρατίας,Генеральный прокурор Республики,Γιώργος Λ. Σαββίδης,Георгиос Л. Саввидис
Βοηθός Γενικός Εισαγγελέας,Заместитель генерального прокурора,Σάββας Α. Αγγελίδης,Саввас А. Ангелидис
Γενικός Ελεγκτής,Генеральный аудитор,Ανδρέας Παπακωνσταντίνου,Андреас Папаконстантину
Διοικητής της Κεντρικής Τράπεζας της Κύπρου,Управляющий Центрального банка Кипра,Χριστόδουλος Πατσαλίδης,Христодулос Пацалидис
Επίτροπος Διοικήσεως και Προστασίας των Ανθρωπίνων Δικαιωμάτων,Омбудсмен / уполномоченный по вопросам администрации и защиты прав человека,Μαρία Στυλιανού-Λοττίδη,Мария Стилиану-Лоттидис
Αρχηγός Εθνικής Φρουράς,Главнокомандующий Национальной гвардией,Εμμανουήλ Θεοδώρου,Эммануил Теодору
Αρχηγός Αστυνομίας,Начальник полиции,Θεμιστός Αρναούτης,Фемистос Арнаутис
Επίτροπος του Πολίτη,Уполномоченный по делам граждан,Ειρήνη Πογιατζή,Ирини Пояджи
Επίτροπος Ισότητας των Φύλων,Уполномоченный по вопросам гендерного равенства,Τζόζη Χριστοδούλου,Джози Христодулиду
Επίτροπος Περιβάλλοντος και Ευημερίας των Ζώων,Уполномоченный по вопросам окружающей среды и благополучия животных,Ηλίας Μυριάνθους,Илиас Мириантус
"Επικεφαλής Επιστήμονας για Έρευνα, Καινοτομία και Τεχνολογία","Главный научный советник по исследованиям, инновациям и технологиям",Δημήτρης Σκούρης,Димитрис Скуридис
